month,Albania,Austria,Belgium,Bulgaria,Bosnia and Herzegovina,Belarus,Switzerland,Czech Republic,Germany,Denmark,Spain,Estonia,Finland,France,United Kingdom,Greece,Croatia,Hungary,Ireland,Iceland,Italy,Kosovo,Lithuania,Luxembourg,Latvia,Moldova,Macedonia,Montenegro,Netherlands,Norway,Poland,Portugal,Romania,Russia,Republic of Serbia,Slovakia,Slovenia,Sweden,Ukraine
9/2014,394.1841218731988,394.68388954545446,,398.56959875,393.8191011111112,392.6733409523809,393.2918,393.84630762886593,393.43353725806446,392.9514075999999,394.9166130530474,392.49451125,391.5022753333333,393.6880272304996,393.3000958823529,395.4921652538071,393.2136747252746,393.3896451715686,393.4555242307693,,395.2398286731392,393.6330245454546,,,394.23223,396.8318337837837,394.2449289795918,393.4747416666667,,392.99846375,397.0524750112867,396.4905,392.5433666666666,392.9353975725266,393.22687753653446,393.2388307563025,,391.7618753571429,393.40298624413145
10/2014,395.6509897899159,397.81702000000007,,396.30906214474845,399.1980375,393.7087136029412,396.6153911538461,395.8599831578948,396.3539935472973,,395.3888240048765,,,395.7181262855008,,395.842874106614,399.3171466666665,397.71299536470593,,,395.2006022731805,396.60043818181816,394.67605333333336,,,394.8351210169491,396.38954199386507,395.3276853846155,,381.20264,395.37862454023,396.7089775,398.2185419000001,394.6124056824719,396.939877518868,397.3223459558824,,,394.7292449669037
11/2014,,396.7641675,,395.5453867768595,,396.8667975,400.573265,399.117,395.7877664705882,,396.12403206095786,,,395.873634185022,394.12234,396.74252,,,,,396.00235006775074,,,,,394.8128680645161,,,,,394.8477022222222,395.2749925,395.3871386842105,395.8689988653846,,,,,396.0835305555556
12/2014,,,,,,,,,,,396.7152205982437,,,,,396.9138072222223,,,,,398.8076171875,,,,,,,,,,,396.7032675,,398.1521166666667,,,,,
1/2015,398.72946,,,398.93976625,,,,,,,398.1132024892704,,,397.5001305263157,,397.6706850980392,,,,,399.3086330555555,,,,,,,,,,,397.244899878788,396.23117750000006,397.897211,,,,,
2/2015,401.3162969230769,,,401.4637165970149,,,,,400.2175424934383,,399.6219485821554,,,400.50043134770885,399.07435540540536,401.07467313186817,400.68438333333336,398.8853283076923,397.501,,399.5402022692036,402.1047355172414,,,,399.425171652174,402.7790485294117,,,,398.4835360000001,399.8622427659574,399.4623413103448,399.4136579492094,402.8688874358974,,401.02145,,399.8844312790698
3/2015,403.0046330555557,401.0026147826086,401.89753260869554,401.4292862969284,400.683522962963,400.7084383333333,400.1920443076923,401.4269724827586,400.3655118068536,400.5547648484848,399.4075210797828,399.91229509259256,399.90995826086953,400.7816504577465,400.3977642857143,401.7974077380953,400.2221073399016,401.0754634184676,401.77748,,400.30869758145366,,,,401.4091948192772,403.1077972413793,,,400.0451427631579,399.7584883333334,400.6709615276312,399.6705717121047,400.3850457660167,401.08678760248733,401.63564907216494,400.8343786294416,401.155010140845,399.90764,400.6833062348877
4/2015,401.6854433333333,,402.626623076923,401.4326482327586,404.9757064444444,,401.616684117647,,401.87443743467935,401.7481325,400.5631412136267,403.42007,400.9043630952381,401.0161869254341,401.437996875,401.2651617753624,402.2844042446043,401.526494,402.15128888888887,401.4712977777778,400.7898987037037,,,,402.75037,401.425246779661,400.96652303501946,401.6723814814815,402.628014,403.58257714285713,402.8314716574586,400.7433226431298,401.89640762845846,402.00671932427474,401.3801436818181,403.52556,,402.2268586458334,402.1201977372263
5/2015,399.0852985606061,400.5040519512195,401.6956673333334,400.41616377192986,400.7866590476191,400.8870588105727,402.3929993333333,401.5274406617647,401.1720567065868,401.9031466666666,400.9435960783066,399.5911763636364,400.5205346918489,400.86142123042043,401.0468302247192,401.7663559521219,399.922293705036,402.192115,401.5216446341464,401.7715417391304,401.1048749793511,,400.77289,,400.84014916666666,400.2956992857143,,,402.532225,401.18475753846144,400.799893059126,400.9877776502732,399.98721588588586,401.3829027926732,,,399.3754048571429,400.8653587535411,400.0613322971698
6/2015,401.085379893617,399.1389194273127,397.3356875,398.0251109446254,398.6358442937853,399.0314723023024,399.4984665100672,398.1319256457565,399.3209630045045,399.19477115384615,400.1467278312341,398.16989727272727,397.9406428980892,399.03183178974075,400.2727027505044,399.49174613825977,398.9012069871795,396.9851792063492,401.64013875,398.85284362204726,398.5002325158085,398.9681925,398.9417909375,,398.75956038022815,396.74241416918426,399.461295756579,402.26721050847465,402.2782847959184,399.61283322314046,399.101681164358,400.5744922043479,397.7007690405667,397.7888962116931,397.8387585261194,398.0813154263566,398.6104404587156,398.5301565954198,397.9580156702025
7/2015,397.775412613391,398.9699969946808,398.2218749061032,396.6436285103627,397.27881957040574,396.9074992127921,399.72779157894735,397.96846249394673,398.9816014943296,394.7419961764706,398.7682920466912,395.54026455882354,396.6398499555556,398.62668737015457,396.5424989071039,396.759528957122,397.3448080898876,397.6428691884456,,395.4672810465116,397.6665653827913,397.6189338735178,396.70521625,,396.7902925409836,397.3188981403509,397.8577383760684,398.4418807792208,398.14298438596495,396.20463561379313,397.68547003891047,398.3270704093217,397.0837802972973,393.93865892125046,397.3049324197248,398.0196373557693,399.57292022727273,396.4933285772595,396.7924639803996
8/2015,396.216687410072,396.72869503999993,394.8425130158729,395.8826292606516,,393.7381568130081,396.4858692528736,395.5017522641509,396.7848831939502,394.3956269858156,396.4982364623656,394.015677323689,393.40713793964017,395.7775038551322,394.70204005607474,396.4382812382445,398.8569433412322,395.8572142727273,394.9727172,393.7937690196079,396.1062418769922,394.68109151515154,395.3755443248533,,393.90760082770265,394.321277037037,396.6434982716049,395.675404137931,394.841125,394.0795429598662,395.406747868,395.4624895679012,395.003549704676,393.64190665748833,395.3205166377441,397.8515448351648,394.45758,393.6364663087248,394.5810440336135
9/2015,396.70407437086095,398.00196180602006,391.31031700000005,396.56867036682615,398.7204654003724,394.5168176724138,396.3083419827587,398.59590928571424,395.670182773208,394.3161455555556,396.2867276576147,394.82974236363646,389.9456291666667,394.9207870302809,395.0630507806692,396.9666648474577,396.8190278947368,396.148305,395.5373533333333,395.0503263157895,397.14453449526815,396.69082888888886,392.96756,,395.478749,396.48655857326486,396.894633115942,398.46652,397.9633835714286,394.2766771984436,396.5790022120658,395.6726073346431,396.6708455574913,395.4122236482839,396.95338865695794,397.50483928571424,397.4498257777778,394.14726336,396.9593408576685
10/2015,397.69377533333335,,,396.84506,,396.57723071428575,397.531654,,396.65559196969696,400.382612,397.0068647038685,397.4946714285714,397.0568942857143,397.05454979123175,396.911876875,398.2815126576576,,,,,399.3468723175965,398.5873672727273,,,397.22778,399.505635,397.4181613432836,398.03398,,,401.5113471428571,397.6807974736842,398.559402,397.7872646820672,397.9906896035242,,,394.21732,397.4608179862069
11/2015,398.9112042580645,398.10471666666666,,399.1679960211268,398.77518070796464,,400.61673,392.8394373076923,399.03100948387095,,398.2756840789192,,,398.92058433649294,,398.3710028720626,398.9472655026455,399.8401038461539,,,398.2915968185389,399.7775439999999,,,,397.9922925,398.87101025925926,398.664236,,,,397.3882548645161,399.16234015341706,398.8127009133858,399.3889103125,,399.03195,,398.014784916512
12/2015,399.8466576,,,399.7792712820513,401.1605421428572,,,,,,399.7384209566517,,,399.8120179310346,,399.5321897005988,401.39452666666665,,,,400.1215977966102,401.35155625,,,,,398.7531980357143,400.3889,,,,391.52109818181816,398.79024909090913,402.12268705882354,398.8970121428571,,,,
1/2016,405.00885285714287,,,401.724500483871,403.128769,,,,,,401.4431657367387,,,401.8011624175824,,402.7426882446808,403.33365,,,,402.2700632653061,,,,,,,400.1634,,,400.9297,402.71198,402.57276717391306,402.5455635294118,,,,,402.4041452173913
2/2016,404.4385326315789,,,402.386351188455,402.54229,,402.3083116666666,,403.912051,,402.0670534161024,,,403.155738650519,403.740508,402.9792453424657,,,402.87633666666665,,401.9730090267011,,,,,,,,403.9553,,402.7286945801527,402.14796,403.3270043369176,402.7456496910112,402.5042438461539,,,,402.9296715525877
3/2016,405.25563657894736,406.806102,404.0830131428572,403.8120743529413,,404.2527983333334,,,402.9888693203883,,403.1966197910217,,,404.8866759872611,403.4606497757848,404.9571252127659,,403.8326801709402,,397.9686,404.2387309289617,,,,404.28403,,405.71087,,403.5106944827587,404.74733,403.9427299019608,402.6447167282322,403.5684464864865,404.18878105908584,405.41064857142857,403.821333125,,404.07718553398064,404.1881009119497
4/2016,,404.7686176724138,,,404.08998,403.8520968994413,406.97479,405.2547165909091,404.7945246946565,404.0541121766562,404.0216690163935,405.40875,404.6754924489796,404.3212034267101,405.26280286046506,404.3458265762712,406.8955232142857,404.92841190000007,406.248435,404.537996875,404.3189036502687,,405.295747311828,,404.87150143712574,407.6191492857143,404.0389848514852,,,403.7914615094339,405.00319577777776,405.9347469724771,404.9002637837838,405.34993193122995,403.9472435185185,405.9258258163265,406.6131610526316,404.666290214724,404.551451411597
5/2016,404.125476,402.7663512087912,,402.247899,400.718913,401.1133446753247,405.943065,403.0087058741259,403.5275569070423,403.8949084815618,404.32287787166206,403.1459714141414,403.00029307017536,404.57229578717204,404.1647655877616,403.5000788645419,402.7041347109827,403.0086522222222,401.233035,404.419696307054,403.8586056286599,402.80829166666666,404.4419659090909,,403.8563320502901,,403.4007035862069,,404.2917870418849,403.94446713493534,401.4826015799256,403.8586593670887,401.336961961326,403.58665037553135,404.0348381818182,402.479215,402.5651809090909,403.689117754386,401.9565289830508
6/2016,403.3084476470588,403.0915376241135,401.4832813333333,402.80363567114097,401.3114793902439,401.46387191603054,402.1074995402299,403.8554079918033,402.5643367814727,401.7942219607843,403.422426540517,401.103657548807,402.8475597616086,403.26867555228273,401.3836667997382,404.5513110397352,403.3043040384616,403.4771230878859,403.5418117419355,404.6466044155844,402.2781491776316,404.6561616216216,402.2318769071146,,401.8569037666667,399.94700090909095,408.21629509090906,404.1187971428572,402.3459614150944,401.3671963100881,400.49021535511366,402.3512130333543,404.96962170454543,400.31769688562196,405.38638389411767,403.496925323741,403.28016902097903,401.889094040014,401.6480465611715
7/2016,401.31060040322575,400.4912534375,401.569816370236,400.7302013241724,401.2148207403055,397.50349168195714,402.0883689795919,401.2555026719577,401.23075763888886,400.7720533333333,402.0882989324749,398.1777534210527,396.742353787062,400.7959716067577,397.65712546874994,399.9719175259593,400.6024553326613,400.8038964781906,399.87699344370856,398.8655446990741,400.8855168365817,398.5260019354839,399.6822837755103,402.10776,398.18039491935485,399.8339094772727,399.3083945882353,401.0406109523809,401.8085459677419,397.8310915116279,398.4401531270903,401.88310282265553,399.8837524449438,397.19059325202556,401.04509082533593,400.3875176190476,401.0621428,397.7878310856838,399.4350723014629
8/2016,399.8261157722008,400.6346610059172,402.0416243636364,399.520056171875,398.0545241210709,399.07025709537567,398.797724368421,399.0506214068441,400.2074011543747,400.9039056129032,399.8753907204117,397.9576249275362,395.2749883125,400.2812313130535,398.0977191546762,399.7090926436072,398.3384123809524,398.927209009009,397.5692,396.5963450617284,399.0541678916401,399.7875454140128,398.5219365183246,,399.1028792517007,,399.7953647486033,399.21200050167226,398.0924078571428,397.524324556962,399.1415714217157,399.1639992092257,399.1017557697122,396.89719110753293,398.90375292797495,398.7832722740525,,396.1830867741935,399.0641100192349
9/2016,399.4885475342466,400.1002180511811,401.5659411851852,398.5112562144702,400.5023146864687,399.5813785964912,399.670280846395,399.9459620518359,399.229729080727,399.294336,399.9565853942081,398.6374989473685,398.5020895953757,400.11328650922917,399.43792294117645,399.9382525136018,397.6193095744681,400.5698362083333,399.1303140625,397.43215106741576,399.6632001828273,399.2230271584699,399.5506195952783,,398.378484010989,399.5709616149068,399.5404013081395,399.4150696296296,400.5129186141304,399.12022960725074,398.41706810197087,399.7535971202776,399.06449549803045,398.5889854766596,399.9157670975919,399.7532939534884,398.54082,398.7139878592376,399.2185385314882
10/2016,400.9388287958116,403.8983341379311,403.8065666666667,404.4348520481927,401.4141948484848,400.1651338405797,403.97014125,,401.4823008045977,,401.51584950056326,,397.81932666666665,400.83036729418535,400.6635601492537,400.6487439354838,401.0544956363637,401.26175793103454,,,401.8836995080155,402.02615208333344,401.5135905,,,,402.804535,400.2947214285714,399.9390728571429,401.0629622222222,403.5321665988373,400.9261359685864,402.79696898734176,401.04941219440354,401.5839993203882,405.65575,,397.9620217948718,400.8171632040687
11/2016,401.4874676811594,,,404.2124076923077,402.6527816666666,,,,,,401.80647679147165,,,402.8833354761905,405.12012,403.4168536398468,404.1233410344828,,399.55005,,402.2802239130435,,,,,404.2521228571428,403.560754,401.9146157142857,,,,402.67109670731713,403.22956203389833,401.9937972195122,405.88454,,,,404.0656901999999
12/2016,405.3232650000001,,,403.0666672727273,404.8194584615385,,,,,,402.6967817789758,,,403.22359336538466,,404.11751648648647,403.76713400000006,,,,403.05645097560966,,,,,,,,,,,403.7442981481482,403.4851975,,,,,,403.2095214285714
1/2017,,,,,,,,,,,,,,,,,,,,,,,,,,,,,,,,,,407.46812,,,,,
2/2017,,,,,,,,,,,,,,,,,,,,,,,,,,406.446852195122,,,,,,,406.3029559722223,407.7258424054983,,,,,406.00295399999993
3/2017,,,,,,,,,,,406.3268640188269,,,,,406.0463305571032,,407.0507457662338,,,,,,,,,406.26406195512817,,,,407.2075629106628,,406.7198346753247,407.34114094594594,406.7996030055658,407.7298776923077,,406.02356625,
4/2017,406.6653993548388,408.60939,407.2187527272727,407.1963155396826,,407.329265045045,408.6868391891892,,407.4604491928251,408.6826380357143,406.32718806623694,406.9827872959184,408.2732212307692,406.8960990307269,407.1088618518518,406.817095958486,408.8178433333333,410.88263,409.06342,407.1070763636364,406.99814430338887,407.1592246153845,410.80725,,407.12613317647055,406.88932,406.8588794285714,402.221292,409.6225985714286,407.8705176470589,405.98080166666654,406.25654045060656,407.2457943508773,408.06661042926646,408.2776872727272,,,408.8354314893618,407.00162936124696
5/2017,406.5194721383648,406.52814826722334,407.5093355882352,404.9403227218935,405.8419818297872,406.92695118978105,406.7918778969957,406.3706761127596,406.721786540493,406.9366046153846,406.9535868994889,406.0915706417112,407.1067006887215,406.4403190292553,407.2835191708754,406.01973825878594,406.69688452690167,405.5377421257485,407.5705133333333,406.9178386266667,406.4432061517392,408.8147053503185,406.465704404762,,406.23657848379634,,407.6884648184818,406.21940277777776,,406.8509808675799,406.7703164448336,408.1804513402062,405.7282040975609,407.3286336488222,408.45975801652895,406.8386382812501,407.1406187951807,406.92753409735656,406.66528882781216
6/2017,402.676859041096,404.3600077877698,406.9931826315789,405.49877723230486,404.5834599661017,405.616783019802,405.2758458139536,404.7608917857143,405.7619984397163,406.6255969761273,406.494270123508,404.3658422697369,405.0698893791871,404.9541476741872,406.4670335491072,404.5934367352941,404.8050788415673,405.1662539210527,405.956725,404.9964680497925,404.9135264998528,404.51549957142856,407.61545666666666,408.16,404.4670079245282,404.5470886697248,405.4413735398231,403.26446823529415,407.2536971428571,405.3980094959229,404.6955876,407.12550403111743,404.8924723425197,403.6437064513181,404.8185612403101,406.59367668711656,405.3755153216374,404.4183316929777,404.6724330168503
7/2017,404.1734742824075,404.1125924403182,403.511036875,404.9165820848056,403.3280825355757,400.86707,,402.30412724137926,404.5518779627602,403.35909267605626,404.2383704598464,398.6205869902912,401.634438863109,403.97658853966453,400.76558236788617,404.3975890809543,402.1725749381818,402.83126443228446,403.06422,400.1837752385408,402.94994928789424,402.8968295918368,399.81193,405.6760932061068,401.86996857142856,402.0323088235295,404.8281950826445,404.0996623529412,,400.11790536585374,401.10469822115385,402.3265491324201,402.8675848131444,399.6128448552997,403.3302644483486,403.884052,403.0821065201465,401.2194377625571,402.0800303580753
8/2017,,,,,,,,,,,,,,,,,,,,,,,,,,,,,,,,,,402.4306367914439,,,,,
9/2017,401.53902,405.50534,,404.1800754621849,401.2373101401869,401.3540489451476,403.76835,,401.7131934444444,402.3685909615385,400.755422014742,400.950709047619,,401.75052248,,,403.38477071428576,403.29932,,,401.2481847077409,,,,401.1136570588236,,,401.21346671641794,,401.26140608695647,,401.3039946616542,405.87134666666674,402.27453987960735,,,,398.8666,403.9507381028369
10/2017,,402.76623398936175,,403.0802030266343,401.4417335714285,,401.9058674257425,402.6594666470589,402.72687944,,402.7540879571759,,,,402.57817000000006,404.5352762857144,401.9683329577465,,,,403.1119604112554,,402.2466525,,,403.752536,,,,406.00772,402.7869965131579,403.8738623183391,402.2112142028985,403.22114377435577,,,402.1741813235294,,402.9421876767677
11/2017,404.7109233333333,,,404.11606989899,,,401.63640733333335,,,,403.2396624393326,,,,,404.9848527678572,407.26976,405.5171415,,,404.6443449297972,,,,,,,,,,,402.80746500572735,402.64927833333337,403.9704323529412,406.554792368421,405.86224,,,405.9548566666666
12/2017,406.708675,,,405.45282875,406.99277,,,,,,404.0788317434472,,,,,403.4195716438356,405.9512007407407,,,,405.2692703448276,,,,,,398.62795857142856,,,,,405.70612625,,403.3214016666668,,,,,
1/2018,,,,410.75174,,,,,,,,,,,,,,,,,,,,,,,,,,,,,410.649515,,,,,,
2/2018,,,,,,,,,,,,,,,,,,,,,,,,,,,,,,,409.69843531914887,,,411.90332,,,,,409.93958
3/2018,410.56664380952384,413.75287,409.2571,410.9424545714286,,409.6913776623376,408.37535470588233,412.952659,410.8572396350365,408.7444931818181,408.0932989828081,,,,408.33999666666665,408.8772665185951,410.746292,411.6660136363635,,398.04834,409.64496558659215,,408.95438267716537,,409.658485,,409.48136188679246,,411.68747214285713,408.6874728571429,409.119744090909,407.95390027450986,410.8251275,409.32501370814396,411.0053996,408.9639885714286,,,409.30474239669417
4/2018,408.7928771428571,411.0050195272728,410.309065,409.4157148022599,409.38576,409.4420767306155,409.729298030303,411.49680069444446,409.980217864011,410.2697953741497,409.3485466137566,409.3794738405797,410.6399815492958,,410.54582614147904,408.6196847279793,409.7136872200773,409.4995818985695,410.2346441025641,409.9364663888889,409.5115859322034,406.9329971052632,409.5679410658307,,409.73409375457874,411.4212192436974,408.9462378636364,408.5604380645162,411.1623281666667,409.3517123529412,409.4864611798107,409.3204167296786,410.0216761096257,410.58308711354596,408.9541710902048,409.9010033410138,409.1663782432432,409.7840703297872,409.6228030601874
5/2018,406.6389931818183,408.0144906756756,410.0124,407.58860161849714,408.07982657142855,408.21530405737707,408.1649323770493,408.3597335626536,407.8202855750408,407.086899139785,408.3596392788302,409.0129519923372,408.3066723157895,,409.15474389972144,407.6761217340067,405.5908521739131,407.1195113253012,410.4081256756756,410.6821913385828,408.1720666546504,406.0964220454545,406.9400295441032,,409.0735847010309,405.7596652380952,407.3598535294118,406.09502440000006,407.9754058035714,408.09553172046594,408.1625841059281,408.8186689576547,406.994436772784,409.38700617463957,406.495115503876,410.8048,407.2942684375,408.1082312179095,408.0624737632445
6/2018,409.99607525,406.20614982532754,405.73159333333336,405.7172471912351,407.3986160897436,407.0102873709677,406.62960161616166,407.6708275,406.5494306376518,406.1798522867853,408.12674728668696,406.87037218978105,406.47074486486486,,406.775178335301,407.5962454380952,406.38986939516127,407.5567062025317,406.40939926020405,407.8371723448276,407.0660822232064,408.0498503585657,403.43791070257606,,405.6370362921349,406.3533883018868,407.8973827697842,406.8919,406.7467922560976,407.4138419316436,407.0155127468785,406.7615111941848,405.8820747337279,405.85009576847557,407.6538727826087,404.7984539130436,404.1129148344371,407.343956233536,405.6751995669144
7/2018,404.56479,404.8370930666666,406.02483416326527,403.3439769270167,405.4604780526316,402.7129953125,403.9250917065869,404.5644894078947,404.487472032032,403.4479203325416,405.4859712167026,402.1589514,403.78388108542384,,404.8764869650068,405.3519277579276,403.9102137264151,404.3153968126521,403.8549326410836,405.54462125,406.0577392103053,408.1778253448276,402.7542038095239,406.4485733333333,401.312880224359,405.36742083333337,408.4112658299596,404.18881,405.2765816666667,404.1675075107914,403.89825759229535,406.2210078903826,402.2655495020748,402.2732247103151,404.1801358461538,404.8497892265193,402.66874461538464,404.32152969678776,404.4127067313916
8/2018,402.5855,403.0866848780488,404.2317023,401.93351910982665,403.2019057978724,403.35864350993376,403.80428352657015,403.6422595090439,404.1583318156619,403.6824134328359,404.850219702329,402.3803229577464,401.3415590546529,,402.6140312844037,403.3195527708703,403.0257728752643,403.0372234088335,401.9088072727272,401.838873,403.4687367458809,402.9493449557523,403.0837744,,404.4863164150944,403.1014341960784,402.9060539506173,401.386155,404.37085381742736,401.5973337320575,404.1390919848688,404.4795951140995,401.9227532197496,400.58706641582023,402.4577977777777,404.9540161956522,403.6840467741936,402.7734583550914,402.4922033560889
9/2018,403.698756744868,404.65220586253366,403.6207941190477,404.977164208274,405.671670874036,403.9396644308943,405.51499428,404.6283675606469,404.7387000341686,,405.5381177406104,388.90973,401.3737944827586,,402.8355650409836,404.5022742600897,404.73556709923656,404.1705160504201,407.0066,401.48302418181805,404.6692625397856,404.7654921875,405.0602661290322,,403.06463609756105,403.2068986725664,406.2288791489361,405.6332887619048,404.4540053333334,401.3140131118881,405.0762105163511,404.7261595247271,404.1342298267328,403.3706396002066,404.22044731851855,404.7821512,406.0079352083333,402.9819802904564,403.6782343527738
10/2018,406.5057256097561,405.3229575454546,409.1326216666666,405.46539433962266,406.36243984703634,404.1553471902269,405.4838236231884,404.67733920405215,405.3817500675219,404.1605993814434,404.64717852560153,404.1844113333333,,,404.11228017199016,405.5176778060046,406.0791424363636,404.4517495340909,407.40293,,405.6845484089324,406.8073193333332,405.2871113131313,,404.3050358024692,407.1088078947369,405.197875060241,405.6223889090908,403.8020398275862,404.93713333333335,404.45154556610174,403.1906773110285,405.23775438727415,404.8782056542455,404.5210195806681,404.1420269201521,408.0454783333333,404.4583130434783,404.03005213722565
11/2018,406.9611733157894,,,405.1887430252101,409.254106,,407.57409,,,,406.86239132492113,,,,,406.229581958042,407.6062566666666,407.5419166666666,,,406.74700267942586,408.0769085,,,,,406.6122145762712,406.7768988461538,406.589685,,405.5054660416667,,405.0249482727272,405.0473745194599,407.1227898712446,,,,405.36658683870974
12/2018,410.6422358333334,,,,,,,,,,406.8294393848858,,,,,407.7832329032259,,,,,407.0701498058252,,,,,,408.42067,,,,,407.5509507894737,406.0884116666666,411.7767,,,,,
1/2019,,,,409.41048,,,,,,,407.85333471724135,,,,,411.2239466666667,,,,,410.1398517886178,,,,,,,,,,,407.139272293233,407.81067,407.12943,,,,,
2/2019,408.0887642857143,409.8981102840908,,411.1188269696969,409.8548635926773,,,411.7832258620689,410.0298506938776,409.17099,408.5524994752258,,,,410.0384398930481,410.2686199115044,410.3117304793028,410.15938195454544,,,409.9223218102288,,,,,411.40526086956527,412.06622,409.6289723529412,407.76582903225807,,409.583697,409.50402013422814,410.5559189375,409.8076619910657,414.79737125,411.6280785714286,409.9086838888889,,410.3159624600639
3/2019,410.47811188596495,411.3873569417476,,410.1888206055509,410.61872611597374,411.3787575510204,410.6393845454546,412.2338108587258,411.86990732142857,,410.1538889266353,412.74505810810814,,,410.7984605932203,411.1178486071428,411.1516591771429,410.079094375,410.8877333333333,,410.5654759840001,,,,411.0417887029289,410.70493541850215,,410.1942297426471,413.514198,412.33048,411.5302311855671,410.4369666325661,410.79829410044977,411.5628059390363,411.4564665853659,411.5112696261682,411.7942446153845,411.9171033333334,411.5569521098267
4/2019,,411.8842512650602,411.4098925,411.55921122758616,414.8082055555556,411.8005137926973,410.43759573529405,411.4986410169492,411.2609335518591,411.2970161538461,412.1107039635157,411.6358212533693,412.0818962307693,,411.5356197058824,412.2217158666666,413.0738740659341,411.92717767058826,,411.0001353333333,411.7063499711538,406.27563,411.3965030696203,,411.99142057902975,410.7276619693095,412.3376094117647,,412.7171851785714,411.0516242008197,411.3368356750102,412.04174805391744,411.6026262159533,412.05713424736774,411.4305125,411.3383188732395,413.5263084210527,411.420134109589,411.3989449602489
5/2019,408.72875325,409.3593441287878,410.180737,411.357268671875,407.284045,411.2961153215768,,410.48092541436455,411.5095857286432,412.6295125,411.1560738664788,410.95226750000006,412.287971903925,,412.0229101204819,411.5810784547461,411.1245854634146,409.8727152881357,,411.43161550403227,411.96807260800006,407.265635625,411.4935591758242,,411.7230457647058,,,,412.41273617647056,411.7424745790081,410.77398752976194,411.5668133553875,411.4149304661017,411.47220598249584,410.46253571428576,412.4115204166666,,410.62507291212313,410.179510096463
6/2019,409.24758,411.0032875835476,411.3738675,410.4689512207792,408.2053491891892,410.12303165997326,410.9087080327868,411.2213293333333,410.6659920048701,411.0353687804878,411.2397788800793,411.37342842857146,409.7858615979381,,410.42983236559127,409.8939899408784,413.01990777414073,408.8222522328549,411.41167,410.60020734177215,411.881514135514,410.414946,410.1450890661479,,409.82113933333335,409.4606536666667,409.291699,,,410.0823295897024,410.1198193603882,411.1154495436508,410.1331698305085,408.61583318477346,413.0283775280899,409.48886670682725,411.6143327071824,409.4886380030256,408.9302528294178
7/2019,404.999684488189,409.0064817045455,,409.235207203125,408.78816217391307,405.7365191076116,408.61546895424834,408.28486509363296,408.8552534934087,405.06411133786855,409.5394820797756,406.07729675438594,406.341882423841,,407.8009895726496,407.4162720258398,409.8070546932952,406.2757493548386,408.0167475342466,407.43666376,407.7313834881373,405.18161,406.2196686666667,,404.9204276,403.57111,406.404151875,407.6229227777778,408.5383986428572,406.03079832,406.2558064457832,408.5595255215054,408.834206573957,404.4985421222409,405.3654030599369,408.962204,414.077075,405.2509185663717,407.3519785597084
8/2019,407.0780630372493,406.5374951639344,404.9801338709677,405.9935206227106,407.0994639628483,404.8460561525424,406.38932403973513,402.48532,405.86478282936014,403.6159745238096,406.4585915516906,404.0186954477612,404.3819207861635,,404.5976176923077,406.3603865382988,407.954263959596,407.062230115607,405.9664250000001,403.9692254838709,407.0717870155961,407.7425241935484,406.87507125,,400.951894,406.4756054172185,407.2143154588235,408.182255652174,405.5529512121212,405.6326784347826,404.2232018289585,405.9921365083648,405.0640736877076,404.62056950159877,406.6691905450734,,407.84179024,403.2296839837398,405.66465392787313
9/2019,406.20175,406.82034833333336,405.7099903131115,406.25661544481056,406.9651614239482,404.5966022077922,404.81097775,406.54803641123885,405.8739867418547,408.0973866666666,406.1622232655527,,406.4668922222222,,406.063639660326,406.1990714897579,406.4618960303414,405.0583174293785,405.926325,404.20070166666665,407.45619972658,407.45107096774194,406.8984847058823,,406.6401177235773,405.5411033146067,406.0284555112219,409.2572240625,405.7556550769231,404.1448094318181,406.1581173992095,407.058202,406.3603802679343,406.23718476601437,406.17749316737286,406.2928880827068,406.04977454545457,407.2266465999999,405.8018735915312
10/2019,407.31130658536586,408.7720399267399,,407.8703820672269,408.3747743782384,408.3651699545455,407.96755474358974,409.1214230150754,408.6715012121212,407.96548600000006,407.67493828291975,,,,407.725105,408.035161292876,407.8808507505518,407.7095433656509,408.15608,,407.8780339284054,408.1222534057972,410.41272,,,407.42882440705125,408.406416203966,407.8943383168317,407.35489,,407.8426851683169,406.9505211059908,407.6030937029289,407.6063590373385,408.2596677163596,408.62965039215686,411.42130875,406.20872125,407.60330299473065
11/2019,409.42370375,,,413.7997966666667,409.00921166666666,,,,403.799649090909,,409.6666712306501,,,,,411.6575102985074,401.93045,,,,409.5952691666666,,,,,409.7505866666667,410.9122596875,,,,,409.340177826087,409.7255542857143,408.78619593679457,412.90024437500006,,,,408.89989078947366
12/2019,,,,408.0400525,,,,,,,410.26855569767446,,,,,411.1117090697674,,,,,410.80177552083336,,,,,,,,,,,410.7590233613446,403.1931153846154,409.30738608695657,,,,,409.39856
1/2020,410.3383525,,,409.2148553333334,410.35939,,,,,,410.5347257203751,,,,414.290845,413.0379150625,410.65311,,,,411.1039502614379,418.12286,,,,414.2118,410.27252285714286,412.13077,,,,,411.3661319230769,410.663215,411.1060475000001,,411.7084,,413.2420247368421
2/2020,413.3775625806452,413.5165133333333,,412.38803439436623,413.568005,412.02343,415.820946,,,,411.5737408512352,,,,,413.1786015137068,411.7420683333334,413.5378312202381,,,412.3415005360689,408.6173725,,,,416.2728505714286,413.86259461538464,,,,,411.6894532051282,413.0270263788968,413.32665118518514,412.89676797297295,,412.82238400000006,,412.5215924271845
3/2020,413.9019457894736,412.96065755555554,413.88800840579705,412.69612702764977,413.0344645348837,414.00671930581615,413.994637,413.6225284210527,414.3178660806272,413.8863540163935,412.5724680378658,414.68988999999993,415.7412025,,414.8275890000001,413.1458275999999,414.10284973333336,412.7563033333333,413.264,,413.5597860582307,,412.97783375,,411.3369825,412.6449509090909,,,414.25074379310354,405.09977,413.9250085193133,412.84649341597793,413.6316648035231,414.2166748635868,412.705725,414.80103708333337,413.6029509302326,413.9530807317073,413.9256385611815
4/2020,413.44009563725496,413.9483123339659,413.4576537244897,414.7407799284436,413.5270385701192,414.05883664,414.418538395722,413.53681084398977,413.5635596770797,414.5492825245902,413.2769043246592,414.2406658823528,414.0058703076923,,413.4877337971552,413.7008335135135,413.6976419043552,413.8830616223405,414.08317,414.41611166666667,413.5317088636364,,412.6011607142857,,413.5779807500001,414.0273408163265,414.325109375,413.5860588918919,414.0061511702128,413.7090372,413.6510738580845,414.6110991891892,413.942242173913,414.5957337144454,413.3347310745234,414.0659253043477,412.8635795726496,414.2161434134615,414.00144297722346
5/2020,414.2203403755869,413.50256660550457,413.8478174674115,412.7676889570552,,414.0442433333333,412.8620063157894,414.261453,413.9829702427921,413.8647391975309,413.6120741621528,413.25024401162784,413.1474391159136,,413.984566282272,413.586511888638,413.91178865853664,414.1533757692307,414.1374808080808,414.65640843023255,413.170500407839,413.96476294478526,413.75488679012346,413.4257271428572,412.5307877142856,414.5689557142857,414.3979068010753,,414.2713963934426,414.0552637429112,413.6402893668122,413.1189568758915,412.4765117466411,413.8420737978451,411.0313967045455,414.41415000000006,414.8067230769231,413.8723878067318,413.6192920575022
6/2020,410.4663288372095,412.2584283333333,409.44508,410.7643073626373,411.7760953658536,411.0474350347222,411.4941651598173,413.5389946987953,412.3770458273381,410.0352243798449,412.2968744660316,410.9472232884097,411.772242419744,,411.48070441883766,411.3116791171572,411.37881485714286,412.865024054054,411.2201433333334,413.7796170588236,412.4002930181512,413.1924780000001,410.0625565384616,,411.1199935278514,409.7585690268456,410.5321269473684,,411.14372357142855,412.0991038109756,411.4857391975309,412.2346498238661,411.8025857641921,410.0614838859522,409.1971708310627,414.35906857142857,410.0094357692308,411.3046097432239,410.8713275450958
7/2020,412.4578107954545,407.8034581102361,408.0934825882353,409.83046335230506,408.5247583219178,408.9896537037036,409.86701731843584,409.8533169302326,409.6397665918204,409.1748166906475,411.1333652322776,407.8150657425743,408.2227446341464,,410.40270886554623,409.97340141847553,408.9572245714286,409.8018865158371,408.7533,408.8409567491166,410.1375445135276,410.8077560227273,409.11836125,,409.9738625,405.5870100157233,410.3168440544629,408.1045480000001,408.8993328873239,405.4105725,408.4419181905196,411.7854208374384,409.2127416124469,406.8638011327789,410.0010968901013,412.1943553103448,407.9028284782608,407.66945454918033,408.6661086367347
8/2020,410.16201552000007,410.0103968363636,409.4942232663317,407.577247382999,408.4634171428572,406.8720322016461,407.79476614285727,408.8700902523659,409.711575049505,406.13998694915256,409.0762641666667,407.7452175151517,406.3179141941075,,408.3765258866995,409.2985333023255,409.07247658318425,407.1760883588621,407.53082,405.4391577588653,409.055659539808,,406.7840401408451,411.6221900000001,406.8022795767196,407.2712388899709,406.4953633628319,410.5100401388889,,406.3978758664956,407.0045099259716,408.1124928460544,407.1980549643606,405.3911728720654,407.4198928877005,408.007502421875,408.6034267021277,407.0651293029046,406.8291696293682
